Rank,Player Name,Position,College
1,Garrett Nussmeier,QB,LSU
2,LaNorris Sellers,QB,South Carolina
3,Rueben Bain,EDGE,Miami (FL)
4,Fernando Mendoza,QB,Indiana
5,Caleb Downs,S,Ohio State
6,Peter Woods,DL,Clemson
7,Spencer Fano,OT,Utah
8,Francis Mauigoa,OT,Miami (FL)
9,Keldric Faulk,EDGE,Auburn
10,Jordyn Tyson,WR,Arizona State
11,T.J. Parker,EDGE,Clemson
12,Kadyn Proctor,OT,Alabama
13,Jermod McCoy,CB,Tennessee
14,Dante Moore,QB,Oregon
15,Jeremiyah Love,RB,Notre Dame
16,Mansoor Delane,CB,LSU
17,Cade Klubnik,QB,Clemson
18,Caleb Lomu,OT,Utah
19,Drew Allar,QB,Penn State
20,Kenyon Sadiq,TE,Oregon
21,Anthony Hill Jr.,LB,Texas
22,John Mateer,QB,Oklahoma
23,Avieon Terrell,CB,Clemson
24,Carnell Tate,WR,Ohio State
25,Caleb Banks,DL,Florida
26,Matayo Uiagalelei,EDGE,Oregon
27,Isaiah World,OT,Oregon
28,Makai Lemon,WR,USC
29,Sonny Styles,LB,Ohio State
30,Denzel Boston,WR,Washington
31,Dani Dennis-Sutton,EDGE,Penn State
32,David Bailey,EDGE,Texas Tech
33,C.J. Allen,LB,Georgia
34,L.T. Overton,EDGE,Alabama
35,Christen Miller,DL,Georgia
36,A.J. Harris,CB,Penn State
37,Arvell Reese,LB,Ohio State
38,Antonio Williams,WR,Clemson
39,Connor Lew,IOL,Auburn
40,Colton Hood,CB,Tennessee
41,Dillon Thieneman,S,Oregon
42,Trevor Goosby,OT,Texas
43,Gennings Dunker,OT,Iowa
44,Kolt Dieterich,OT,Sam Houston State
45,Nick Singleton,RB,Penn State
46,Quincy Rhodes Jr.,EDGE,Arkansas
47,Cashius Howell,EDGE,Texas A&M
48,Suntarine Perkins,LB,Mississippi
49,Nyck Harbor,WR,South Carolina
50,Ja'Kobi Lane,WR,USC
51,Xavier Chaplin,OT,Auburn
52,Keith Abney II,CB,Arizona State
53,Harold Perkins,LB,LSU
54,DJ McKinney,CB,Colorado
55,Zachariah Branch,WR,Georgia
56,Drew Shelton,OT,Penn State
57,Domonique Orange,DL,Iowa State
58,Kamari Ramsey,S,USC
59,Domani Jackson,CB,Alabama
60,Jalon Kilgore,S,South Carolina
61,Kevin Concepcion,WR,Texas A&M
62,R Mason Thomas,EDGE,Oklahoma
63,Chris Bell,WR,Louisville
64,Anthony Lucas,EDGE,USC
65,Will Lee III,CB,Texas A&M
66,Fa'alili Fa'amoe,OT,Wake Forest
67,Malik Muhammad,CB,Texas
68,Genesis Smith,S,Arizona
69,Joshua Josephs,EDGE,Tennessee
70,Zxavian Harris,DL,Mississippi
71,Austin Barber,OT,Florida
72,Max Klare,TE,Ohio State
73,Mateen Ibirogba,DL,Wake Forest
74,Aidan Chiles,QB,Michigan State
75,Kayden McDonald,DL,Ohio State
76,Parker Brailsford,IOL,Alabama
77,Daylen Everette,CB,Georgia
78,Jake Slaughter,IOL,Florida
79,Eric Singleton Jr.,WR,Auburn
80,Carson Beck,QB,Miami (FL)
81,Gabe Jacas,EDGE,Illinois
82,Darrell Jackson Jr.,DL,Florida State
83,Xavier Scott,S,Illinois
84,Dontay Corleone,DL,Cincinnati
85,Olaivavega Ioane,IOL,Penn State
86,Jack Endries,TE,Texas
87,Tyreak Sapp,EDGE,Florida
88,Anto Saka,EDGE,Northwestern
89,Keon Sabb,S,Alabama
90,Duce Robinson,WR,Florida State
91,Whit Weeks,LB,LSU
92,Cayden Green,OT,Missouri
93,Justice Haynes,RB,Michigan
94,Jonah Coleman,RB,Washington
95,Chase Bisontis,IOL,Texas A&M
96,Emmanuel Pregnon,IOL,Oregon
97,Deontae Lawson,LB,Alabama
98,Chandler Rivers,CB,Duke
99,Vincent Anthony Jr.,EDGE,Duke
100,Zane Durant,DL,Penn State
101,Amare Ferrell,S,Indiana
102,Aaron Anderson,WR,LSU
103,Daniel Harris,CB,Georgia
104,Iapani Laloulu,IOL,Oregon
105,Davison Igbinosun,CB,Ohio State
106,Antonio Kite,CB,Mississippi
107,Jaishawn Barham,LB,Michigan
108,Elijah Pritchett,OT,Nebraska
109,Deion Burks,WR,Oklahoma
110,Oscar Delp,TE,Georgia
111,Zion Young,EDGE,Missouri
112,Germie Bernard,WR,Alabama
113,DeMonte Capehart,DL,Clemson
114,Chris Brazzell,WR,Tennessee
115,Jermaine Mathews Jr.,CB,Ohio State
116,Lance Heard,OT,Tennessee
117,Malachi Fields,WR,Notre Dame
118,Elijah Sarratt,WR,Indiana
119,Josh Hoover,QB,TCU
120,Kade Pieper,IOL,Iowa
121,Kaytron Allen,RB,Penn State
122,Eli Stowers,TE,Vanderbilt
123,C.J. Fite,DL,Arizona State
124,Nic Anderson,WR,LSU
125,Robert Henry Jr.,RB,UTSA
126,Caleb Tiernan,OT,Northwestern
127,Michael Taaffe,S,Texas
128,Tacario Davis,CB,Washington
129,Aaron Graves,DL,Iowa
130,Tristan Leigh,OT,Clemson
131,Keylan Rutledge,IOL,Georgia Tech
132,Quintrevion Wisner,RB,Texas
133,Ar'maj Reed-Adams,IOL,Texas A&M
134,Jaeden Roberts,IOL,Alabama
135,Dariel Djabome,LB,Rutgers
136,C.J. Baxter,RB,Texas
137,Jacob Rodriguez,LB,Texas Tech
138,Earl Little Jr.,S,Florida State
139,Lander Barton,LB,Utah
140,Lawson Luckie,TE,Georgia
141,Le'Veon Moss,RB,Texas A&M
142,Josh Cameron,WR,Baylor
143,Sam Leavitt,QB,Arizona State
144,LJ Martin,RB,BYU
145,Marlin Klein,TE,Michigan
146,Jude Bowry,OT,Boston College
147,Febechi Nwaiwu,IOL,Oklahoma
148,Akheem Mesidor,EDGE,Miami (FL)
149,Kadin Lynch,IOL,William & Mary
150,A.J. Haulcy,S,LSU
151,Hezekiah Masses,CB,California
152,Tim Keenan III,DL,Alabama
153,Drew Azzopardi,OT,Washington
154,Trey Zuhn III,OT,Texas A&M
155,Blake Miller,OT,Clemson
156,Darian Mensah,QB,Duke
157,D'angelo Ponds,CB,Indiana
158,Anthony Smith,DL,Minnesota
159,Nico Iamaleava,QB,UCLA
160,Noah Thomas,WR,Georgia
161,Kobe Baynes,IOL,Kansas
162,Jamarion Miller,RB,Alabama
163,Christian Gray,CB,Notre Dame
164,Patrick Payton,EDGE,LSU
165,Max Iheanachor,OT,Arizona State
166,Tao Johnson,S,Utah
167,Derrick Moore,EDGE,Michigan
168,Judge Collier,CB,South Carolina
169,Barika Kpeenu,RB,North Dakota State
170,Zakee Wheatley,S,Penn State
171,Mikail Kamara,EDGE,Indiana
172,Aamil Wagner,OT,Notre Dame
173,Gracen Halton,DL,Oklahoma
174,Makhi Hughes,RB,Oregon
175,Jaydn Ott,RB,Oklahoma
176,Bryce Foster,IOL,Kansas
177,Dalton Brooks,S,Texas A&M
178,Logan Jones,IOL,Iowa
179,Rayshaun Benny,DL,Michigan
180,Xavier Nwankpa,S,Iowa
181,Bryce Lance,WR,North Dakota State
182,Sawyer Robertson,QB,Baylor
183,Taurean York,LB,Texas A&M
184,Boubacar Traore,DL,Notre Dame
185,Jack Velling,TE,Michigan State
186,Joe Royer,TE,Cincinnati
187,Emmanuel McNeil-Warren,S,Toledo
188,Raylen Wilson,LB,Georgia
189,Trey Moore,EDGE,Texas
190,Darius Taylor,RB,Minnesota
191,Jyaire Hill,CB,Michigan
192,Kage Casey,OT,Boise State
193,Chase Roberts,WR,BYU
194,Riley Mahlman,OT,Wisconsin
195,Charles Jagusah,IOL,Notre Dame
196,Kenyatta Jackson,EDGE,Ohio State
197,C.J. Daniels,WR,Miami (FL)
198,John Michael Gyllenborg,TE,Wyoming
199,Austin Romaine,LB,Kansas State
200,Trebor Pena,WR,Penn State
201,Jaheim Oatis,DL,Colorado
202,D.J. Campbell,IOL,Texas
203,Matthew Bailey,S,Illinois
204,Tanner Koziol,TE,Houston
205,Rod Moore,S,Michigan
206,Kyle Louis,LB,Pittsburgh
207,Earnest Greene,OT,Georgia
208,Theo Melin Ohrstrom,TE,Texas A&M
209,Brett Norfleet,TE,Missouri
210,Amare Campbell,LB,Penn State
211,Roman Hemby,RB,Indiana
212,Miller Moss,QB,Louisville
213,Drayk Bowen,LB,Notre Dame
214,Bud Clark,S,TCU
215,Ryan Baer,IOL,Pittsburgh
216,Tanner Arkin,TE,Illinois
217,Max Llewellyn,EDGE,Iowa
218,Fisher Camac,EDGE,Virginia
219,Sheridan Wilson,IOL,Texas Tech
220,Davaughn Patterson,S,Wake Forest
221,Bryson Washington,RB,Baylor
222,Jadarian Price,RB,Notre Dame
223,J.Michael Sturdivant,WR,Florida
224,Kanye Udoh,RB,Arizona State
225,Aiden Fisher,LB,Indiana
226,Keanu Tanuvasa,DL,BYU
227,Michael Harris,LB,Maryland
228,Roy Williams,EDGE,Northern Illinois
229,Caden Barnett,OT,Wyoming
230,Eli Holstein,QB,Pittsburgh
231,Bray Hubbard,S,Alabama
232,Datrell Jones,RB,Boston College
233,Tomas Rimac,IOL,Virginia Tech
234,Chris McClellan,DL,Missouri
235,Cameron Calhoun,CB,Alabama
236,Zeke Berry,S,Michigan
237,Marvin Jones Jr.,EDGE,Oklahoma
238,Michael Trigg,TE,Baylor
239,James Smith,DL,Alabama
240,Jalen Walthall,WR,Incarnate Word
241,Shamar Easter,TE,North Carolina
242,Adonijah Green,DL,Louisville
243,Martel Hight,CB,Vanderbilt
244,Roderick Kearney,OT,Florida
245,Avery Johnson,QB,Kansas State
246,Kelby Collins,DL,Alabama
247,Izavion Miller,OT,Auburn
248,Markis Deal,DL,TCU
249,Jake Golday,LB,Cincinnati
250,Tyreek Chappell,CB,Texas A&M
251,Fernando Carmona,IOL,Arkansas
252,Caden Curry,EDGE,Ohio State
253,Demond Claiborne,RB,Wake Forest
254,R.J. Maryland,TE,SMU
255,Ashton Stamps,CB,LSU
256,KP Price,S,Boston College
257,Omar Aigbedion,IOL,Baylor
258,Benji Gosnell,TE,Virginia Tech
259,Eric Rivers,WR,Georgia Tech
260,Jeremiah Wright,IOL,Auburn
261,Nicolas Radicic,K,Indiana
262,Brett Thorson,P,Georgia
263,Eugene Wilson III,WR,Florida
264,Eric McAlister,WR,TCU
265,Lee Hunter,DL,Texas Tech
266,Cole Rhett,OT,Toledo
267,Barion Brown,WR,LSU
268,Cruce Brookins,S,Pittsburgh
269,Devean Deal,EDGE,TCU
270,Evan Stewart,WR,Oregon
271,Max Tomzcak,WR,Youngstown State
272,Nate Johnson,EDGE,Missouri
273,Caleb Douglas,WR,Texas Tech
274,Damon Wilson Jr.,EDGE,Missouri
275,Bear Alexander,DL,Oregon
276,Josh Thompson,IOL,LSU
277,Cole Wisniewski,S,Texas Tech
278,Knijeah Harris,IOL,Florida
279,Dasan McCullough,EDGE,Nebraska
280,Dane Key,WR,Nebraska
281,Isaiah Nwokobia,S,SMU
282,McKale Boley,IOL,Virginia
283,Braelin Moore,IOL,LSU
284,P.J. Williams,OT,SMU
285,Jaden Greathouse,WR,Notre Dame
286,Calvin Clements,OT,Kansas
287,Greg Johnson,IOL,Minnesota
288,Jackie Marshall,DL,Baylor
289,J.C. Davis,OT,Illinois
290,Jalen Catalon,S,Missouri
291,Thomas Castellanos,QB,Florida State
292,Ben Murawski,IOL,UConn
293,Diego Pounds,OT,Mississippi
294,Monroe Freeling,OT,Georgia
295,Princewill Umanmielen,EDGE,Mississippi
296,BJ Williams,IOL,Pittsburgh
297,Tellek Lockette,IOL,Texas State
298,Kerry Brown,S,Minnesota
299,Thaddeus Dixon,CB,North Carolina
300,Malik Spencer,S,Michigan State
301,Ethan Onianwa,OT,Ohio State
302,Ben Taylor-Whitfield,OT,TCU
303,Jeadyn Lukus,CB,Clemson
304,Dorion Strawn,OT,Texas State
305,Giovanni El-Hadi,IOL,Michigan
306,Hunter Zambrano,IOL,Texas Tech
307,Wade Woodaz,LB,Clemson
308,Albert Regis,DL,Texas A&M
309,Eli Raridon,TE,Notre Dame
310,Jackson Arnold,QB,Auburn
311,Davin Stoffel,TE,Illinois
312,Alex Harkey,OT,Oregon
313,Samuel Omosigho,LB,Oklahoma
314,Teitum Tuioti,EDGE,Oregon
315,Jahiem White,RB,West Virginia
316,Laurence Seymore,IOL,Western Kentucky
317,Benjamin Brahmer,TE,Iowa State
318,Elijah Prather,IOL,Troy
319,Jaren Kanak,TE,Oklahoma
320,Keenan Nelson Jr.,S,Ohio State
321,Trey White,EDGE,San Diego State
322,Brandon Henderson,IOL,Illinois
323,Riley Williams,TE,Oregon State
324,Billy Schrauth,IOL,Notre Dame
325,Rocco Becht,QB,Iowa State
326,Raion Strader,CB,Auburn
327,Deven Eastern,DL,Minnesota
328,Will Shaffer,LB,Abilene Christian
329,Braylan Shelby,EDGE,USC
330,Connor Tollison,IOL,Missouri
331,Luke Hasz,TE,Mississippi
332,Quinten Joyner,RB,Texas Tech
333,Adon Shuler,S,Notre Dame
334,Dylan Edwards,RB,Kansas State
335,Adepoju Adebawore,EDGE,Oklahoma
336,Anthony Donkoh,OT,Penn State
337,Bryce Boettcher,LB,Oregon
338,D.J. Hicks,DL,Texas A&M
339,Da'Shawn Womack,EDGE,Mississippi
340,Dametrious Crownover,OT,Texas A&M
341,Austin Mack,QB,Alabama
342,Jelani Thurman,TE,Ohio State
343,Teague Andersen,IOL,NC State
344,Wendell Moe Jr.,IOL,Tennessee
345,DeAndre Moore Jr.,WR,Texas
346,Elliot Washington II,CB,Penn State
347,Quinten Christensen,IOL,South Dakota State
348,Declan Duley,P,Central Michigan
349,Isaac Smith,S,Mississippi State
350,Josh Moten,CB,Southern Miss
351,Carlos Hernandez,WR,Wake Forest
352,Khalil Barnes,S,Clemson
353,Dean Miller,EDGE,Kansas
354,Kedrick Reescano,RB,Arizona
355,Trevyon Green,OT,North Carolina
356,Skyler Bell,WR,UConn
357,Peyton Bowen,S,Oklahoma
358,Jaiden Ausberry,LB,Notre Dame
359,Cameron Seldon,WR,Virginia Tech
360,Mark Fletcher,RB,Miami (FL)
361,Ryan Mosesso,OT,UMass
362,Ka'morreun Pimpton,TE,TCU
363,Jacarrius Peak,OT,NC State
364,Cooper Flanagan,TE,Notre Dame
365,Jalil Farooq,WR,Maryland
366,Matthew Hibner,TE,SMU
367,Ty Lockwood,TE,Boston College
368,Jaden Rashada,QB,Sacramento State
369,Noah Josey,IOL,Virginia
370,Richard Young,RB,Alabama
371,Jayden Virgin-Morgan,EDGE,Boise State
372,Caleb Herring,EDGE,Tennessee
373,Jelani McDonald,S,Texas
374,Troy Bowles,LB,Michigan
375,Mark Gronowski,QB,Iowa
376,Ethan Davis,TE,Tennessee
377,Jontez Williams,CB,Iowa State
378,Jordan Renaud,EDGE,Alabama
379,Joshua Padilla,IOL,Ohio State
380,Clev Lubin,EDGE,Louisville
381,Andrew Rappleyea,TE,Penn State
382,Jimarion McCrimon,OT,East Carolina
383,Jayden Wayne,EDGE,California
384,Djay Braswell,RB,South Carolina
385,Pat Coogan,IOL,Indiana
386,Jaden Keller,LB,Virginia Tech
387,Keon Keeley,EDGE,Alabama
388,Lewis Carter,LB,UCF
389,Malachi Nelson,QB,UTEP
390,Justin Jefferson,LB,Alabama
391,Jordan Castell,S,Florida
392,Cam Miller,CB,Rutgers
393,Rueben Owens,RB,Texas A&M
394,Desmeal Leigh,OT,Youngstown State
395,Emmanuel Poku,IOL,East Carolina
396,Kaleb Jackson,RB,LSU
397,Alex Birchmeier,IOL,Penn State
398,Stanquan Clark,LB,Louisville
399,Cormani McClain,CB,Florida
400,Joenel Aguero,S,Georgia
401,Dillon Bell,WR,Georgia
402,Derion Gullette,EDGE,Mississippi State
403,Qua Russaw,EDGE,Alabama
404,Grayson Howard,LB,Florida
405,Geimere Latimer,CB,Wisconsin
406,Jaylon Braxton,CB,Mississippi
407,Yhonzae Pierre,EDGE,Alabama
408,Aidan Gousby,S,Minnesota
409,Jordan Hall,DL,Georgia
410,Malik Hartford,S,Ohio State
411,Deshaun Lee,CB,Iowa
412,Wes King,IOL,Wyoming
413,Isaiah Horton,WR,Alabama
414,Tausili Akana,LB,BYU
415,Brandon Inniss,WR,Ohio State
416,Vic Burley,DL,Clemson
417,Liam Becher,IOL,North Dakota
418,Micah Pettus,OT,Florida State
419,Kam Shanks,WR,Arkansas
420,Ta'Mere Robinson,LB,USC
421,Smith Snowden,CB,Utah
422,Jordan Bass,LB,Virginia Tech
423,Derek Simmons,OT,Oklahoma
424,Stephiylan Green,DL,Clemson
425,Jalen Hale,WR,Alabama
426,Carver Willis,OT,Washington
427,Ayden Williams,WR,Mississippi State
428,Caden Jenkins,CB,Baylor
429,Ryder Langsdale,OT,Rutgers
430,Hunter Clegg,EDGE,BYU
431,Jahlil Hurley,CB,Kansas
432,Eric O'Neill,EDGE,Rutgers
433,Ryan Niblett,S,Texas
434,DaKaari Nelson,S,Penn State
435,Bruno Onwuazor,OT,Virginia State
436,Christian Alliegro,LB,Wisconsin
437,Tree Babalade,OT,South Carolina
438,Beau Pribula,QB,Missouri
439,Hykeem Williams,WR,Colorado
440,Colton Vasek,EDGE,Texas
441,Collin Sadler,OT,Clemson
442,Ty Morris,LB,Rice
443,Collins Acheampong,EDGE,Bowling Green
444,Alexander Doost,IOL,Arizona
445,Daylen Austin,CB,Oregon
446,Toby Payne,TE,Marshall
447,Raymond Cottrell,WR,West Alabama
448,Hunter Osborne,DL,Virginia
449,Johntay Cook II,WR,Syracuse
450,J'ven Williams,OT,Penn State
451,Isaiah Brown-Murray,CB,Virginia Tech
452,Malachi Coleman,WR,Minnesota
453,Carter Davis,S,Boston College
454,Tyree Adams,OT,LSU
455,Joshua Mickens,EDGE,Ohio State
456,Markee Anderson,IOL,South Carolina
457,King Mack,S,Penn State
458,Vinny Anthony II,WR,Wisconsin
459,Braylon James,WR,TCU
460,Chimdy Onoh,OT,Penn State
461,Madden Sanker,OT,Louisville
462,Damonic Williams,DL,Oklahoma
463,Jalen Brown,WR,Arkansas
464,Jaxon Howard,EDGE,Minnesota
465,Malik Bryant,EDGE,Miami (FL)
466,Monroe Mills,OT,Virginia
467,Lance Mason,TE,Wisconsin
468,Damari Brown,CB,Miami (FL)
469,Elijah Paige,OT,USC
470,Isaiah Jatta,OT,BYU
471,Justin Joly,TE,NC State
472,Randon Fontenette,LB,Vanderbilt
473,Shelton Sampson Jr.,WR,Louisiana-Lafayette
474,Noah Rogers,WR,NC State
475,Jacobe Johnson,CB,Oklahoma
476,Brenan Vernon,DL,Notre Dame
477,Gabe Harris,EDGE,Georgia
478,Samuel Singleton Jr.,RB,Florida State
479,TJ Guy,EDGE,Michigan
480,Cole Payton,QB,North Dakota State
481,Trinidad Chambliss,QB,Mississippi
482,Samson Okunlola,OT,Miami (FL)
483,Jamaal Jarrett,DL,USC
484,Rico Flores,WR,UCLA
485,Xzavier McLeod,DL,Georgia
486,Gabe Burkle,TE,Iowa State
487,Anthony Evans III,WR,Mississippi State
488,Wilkin Formby,OT,Alabama
489,Luke Montgomery,IOL,Ohio State
490,Cole Martin,CB,UCLA
491,Harris Sewell,IOL,Clemson
492,Robert Stafford,CB,UCLA
493,Nolan Rucci,OT,Penn State
494,Jurrion Dickey,WR,Oregon
495,Rodrick Pleasant,CB,UCLA
496,Olaus Alinen,OT,Alabama
497,Stanton Ramil,OT,Michigan State
498,John Walker,DL,UCF
499,Dijon Johnson,CB,Florida
500,Makari Vickers,CB,Colorado
501,Kenny Johnson,WR,Pittsburgh
502,Daevin Hobbs,DL,Tennessee
503,Ja'Keem Jackson,CB,LSU
504,Jager Burton,IOL,Kentucky
505,Antonio Gates Jr.,WR,Michigan State
506,Bai Jobe,EDGE,Miami (OH)
507,DJ Harvey,CB,USC
508,Mason Murphy,OT,Auburn
509,Jaleel Skinner,TE,Louisville
510,Samuel Okunlola,EDGE,Colorado
511,Reid Carrico,LB,West Virginia
512,Elliot Donald,DL,Pittsburgh
513,Jayden Maiava,QB,USC
514,Quency Wiggins,EDGE,Colorado
515,Jake Garcia,QB,Michigan
516,Collin Wright,CB,Stanford
517,Nate Rutchena,TE,UC Davis
518,Andrew Depaepe,DL,Indiana
519,D.J. Chester,IOL,LSU
520,T.J. Shanahan,IOL,Penn State
521,George Pettaway,RB,James Madison
522,Latrell McCutchin,CB,Houston
523,Nathan Leacock,WR,North Carolina
524,Julian Humphrey,CB,Texas A&M
525,Javien Toviano,S,LSU
526,Maurice Westmoreland,EDGE,Tulane
527,Jaylen Sneed,LB,Notre Dame
528,Dezz Ricks,CB,Texas A&M
529,Dante Dowdell,RB,Kentucky
530,Evan Tengesdahl,IOL,Cincinnati
531,Will Heldt,EDGE,Clemson
532,Kam Olds,EDGE,Kentucky
533,Xavier Hill,IOL,Colorado
534,Jameial Lyons,EDGE,Penn State
535,Tackett Curtis,LB,Wisconsin
536,Tyler White,P,Texas A&M
537,Jacob Thomas,S,James Madison
538,Enow Etta,DL,Michigan
539,Jason Moore,DL,Ohio State
540,Jaybron Harvey,EDGE,North Carolina
541,Kylin Jackson,S,TCU
542,Edric Hill,DL,Alabama
543,Jaydon Chatman,OT,Texas
544,Bo Hughley,OT,Georgia
545,Kam Robinson,LB,Virginia
546,Desmond Umeozulu,EDGE,South Carolina
547,Jaquaize Pettaway,WR,East Carolina
548,Derek Williams Jr.,S,Texas
549,Kamran James,EDGE,Florida
550,Bravion Rogers,CB,Texas A&M
551,Roderick Robinson II,RB,Georgia
552,Jameson Geers,TE,Minnesota
553,Arion Carter,LB,Tennessee
554,Jayvon Thomas,CB,Texas A&M
555,Shamurad Umarov,OT,Tennessee
556,Ian Reed,IOL,Clemson
557,Cordale Russell,WR,Miami (OH)
558,Calvin Simpson-Hunt,CB,Baylor
559,Samuel M'Pemba,EDGE,Texas A&M
560,Tony Rojas,LB,Penn State
561,Austin Novosad,QB,Oregon
562,Treyaun Webb,RB,Florida
563,Lucas Simmons,OT,Florida State
564,Hudson Kaak,P,Auburn
565,Jarra Anderson,DL,Arizona
566,David Olano,K,Illinois
567,Phillip Daniels,OT,Ohio State
568,Palmer Williams,P,Baylor
569,Brian Parker II,OT,Duke
570,Aidan Flintoft,P,Stanford
571,Jake Eldridge,LS,Rutgers
572,Conor Talty,K,Alabama
573,Chris Johnson Jr.,RB,SMU
574,Mikey Matthews,WR,UCLA
575,Brock Taylor,K,Vanderbilt
576,Jayce Brown,WR,Kansas State
577,London Humphreys,WR,Georgia
578,Peyton Woodring,K,Georgia
579,Tyler Brown,WR,Clemson
580,Ja'Bril Rawls,S,Florida State
581,Grayson Loftis,QB,Charlotte
582,C.J. Donaldson,RB,Ohio State
583,Sedrick Alexander,RB,Vanderbilt
584,Carl Williams IV,S,Baylor
585,Kaden Feagin,RB,Illinois
586,Alex Kilgore,LB,SMU
587,Joey Schlaffer,TE,Penn State
588,Amare Thomas,WR,Houston
589,Hank Brown,QB,Iowa
590,Evan Link,OT,Michigan
591,A'Marion McCoy,CB,Boise State
592,Dion Crawford,LB,Buffalo
593,Griffin Wilde,WR,Northwestern
594,James Durand,IOL,Western Illinois
595,Marcus Ratcliffe,S,Texas A&M
596,Trey Dubuc,LS,New Mexico
597,Jaylen Raynor,QB,Arkansas State
598,Ryder Burns,LS,Southern Miss
599,Chandavian Bradley,EDGE,Oklahoma State
600,Rene Konga,DL,Louisville
601,Kendrick Law,WR,Kentucky
602,Tony Mitchell,S,Mississippi State
603,Ty Simpson,QB,Alabama
604,Denver Harris,CB,UNLV
605,Gabriel Brownlow-Dindy,DL,South Carolina
606,Zach Rice,IOL,Syracuse
607,Jeremiah Alexander,EDGE,Clemson
608,Chris Marshall,WR,Boise State
609,Conner Weigman,QB,Houston
610,Jaheim Singletary,CB,Arkansas
611,C.J. Hicks,EDGE,Ohio State
612,Travis Shaw,DL,Texas
613,TreVonte Citizen,RB,McNeese State
614,Tegra Tshabola,IOL,Ohio State
615,Nick Evers,QB,UConn
616,Julian Armella,IOL,UCLA
617,Donovan Green,TE,LSU
618,Treydan Stukes,CB,Arizona
619,Jacob Sexton,OT,Oklahoma
620,Andre Greene Jr.,WR,Virginia
621,Jacoby Mathews,S,Auburn
622,Gentry Williams,CB,Oklahoma
623,Jyaire Brown,CB,UCF
624,Holden Staes,TE,Indiana
625,Kaden Helms,TE,Oklahoma
626,Neto Umeozulu,IOL,Texas
627,Branson Robinson,RB,Georgia State
628,Talyn Shettron,WR,Oklahoma State
629,Jaylon Glover,RB,UNLV
630,Jamari Lyons,DL,Florida
631,Bryan Thomas Jr.,EDGE,South Carolina
632,J.Q. Hardaway,CB,Kentucky
633,Khurtiss Perry,DL,Jacksonville State
634,Patrick Kutas,IOL,Mississippi
635,A.J. Swann,QB,Appalachian State
636,Kaden Saunders,WR,Penn State
637,Maalik Murphy,QB,Oregon State
638,Jeremiah Cooper,S,Iowa State
639,Devin Brown,QB,California
640,Walker Howard,QB,Louisiana-Lafayette
641,Justice Finkley,EDGE,Kansas
642,Jack Pedersen,TE,UCLA
643,Toriano Pride,CB,Missouri
644,Tobias Merriweather,WR,Utah
645,Jordan Hudson,WR,SMU
646,Devin Moore,CB,Florida
647,Kamari Wilson,S,Memphis
648,Emar'rion Winston,EDGE,Baylor
649,Dayne Shor,OT,Akron
650,Raleek Brown,RB,Arizona State
651,Malick Sylla,EDGE,Mississippi State
652,Jayden Gibson,WR,Oklahoma
653,Joe Brunner,IOL,Wisconsin
654,Ernest Hausmann,LB,Michigan
655,Kyion Grayes,WR,California
656,Shawn Murphy,LB,South Carolina
657,Earl Little II,CB,Florida State
658,Amari Niblack,TE,Texas A&M
659,Kaleb Brown,WR,UAB
660,Popeye Williams,EDGE,Western Michigan
661,Dallan Hayden,RB,Colorado
662,Nyjalik Kelly,EDGE,UCF
663,Jaylon Guilbeau,CB,Texas
664,Robert Spears-Jennings,S,Oklahoma
665,Kevin Coleman Jr.,WR,Missouri
666,Brendan Sorsby,QB,Cincinnati
667,Gunner Stockton,QB,Georgia
668,Ephesians Prysock,CB,Washington
669,Luke Altmyer,QB,Illinois
670,M.J. Morris,QB,Coastal Carolina
671,Emmanuel Henderson,WR,Kansas
672,Logan Parr,IOL,SMU
673,Bryce Anderson,S,Texas A&M
674,Wesley Bissainthe,LB,Miami (FL)
675,Braylin Presley,WR,Tulsa
676,Cole Hutson,IOL,Texas
677,Gavin Sawchuk,RB,Florida State
678,Kobe Prentice,WR,Baylor
679,Keaten Wade,EDGE,Colorado
680,Adam Randall,RB,Clemson
681,Noah Fifita,QB,Arizona
682,Zion Branch,S,Georgia
683,Devon Jackson,LB,Oregon
684,Darris Smith,EDGE,Missouri
685,Omari Abor,EDGE,SMU
686,Kevin Jennings,QB,SMU
687,Enai White,EDGE,Penn State
688,Carson Hinzman,IOL,Ohio State
689,Jacolby Spells,CB,West Virginia
690,Jake Johnson,TE,North Carolina
691,Zavion Thomas,WR,LSU
692,Kam Dewberry,IOL,Alabama
693,C.J. Williams,WR,Stanford
694,Jordan Dwyer,WR,TCU
695,Savion Red,RB,Sacramento State
696,Squirrel White,WR,Florida State
697,Jalen Huskey,CB,Maryland
698,Jayden McGowan,WR,Charlotte
699,Terion Stewart,RB,Virginia Tech
700,Dean Connors,RB,Houston
701,Van Wells,IOL,Oregon State
702,Pichon Wimbley,IOL,Georgia Southern
703,Kyron Barnes,OT,Nicholls
704,Owen McCown,QB,UTSA
705,Josh Kattus,TE,Kentucky
706,D.Q. Smith,S,South Carolina
707,Amari Jackson,CB,Boston College
708,Kaidon Salter,QB,Colorado
709,Carsen Ryan,TE,BYU
710,Eddie Kelly,DL,West Virginia
711,Jaron Glover,WR,Mississippi State
712,Asani Redwood,DL,West Virginia
713,Donovan Saunders,CB,Utah
714,Desmond Reid,RB,Pittsburgh
715,Marcus Allen,CB,North Carolina
716,Terry Moore,S,Duke
717,Jaylin Lucas,RB,Florida State
718,Ti Mims,WR,South Alabama
719,Byrum Brown,QB,South Florida
720,Andrew Paul,RB,Jacksonville State
721,Kyron Drones,QB,Virginia Tech
722,Richard Reese,RB,Stephen F. Austin
723,Jack Pyburn,EDGE,LSU
724,Justus Ross-Simmons,WR,Syracuse
725,Ethan Burke,EDGE,Texas
726,Beau Atkinson,EDGE,Ohio State
727,Darren Agu,EDGE,New Mexico
728,Gavin Gibson,CB,North Carolina
729,Sean FitzSimmons,DL,Pittsburgh
730,John Bock II,IOL,Tulane
731,Colbie Young,WR,Georgia
732,Cameron Ball,DL,Arkansas
733,Jeremiah Earby,CB,Boise State
734,Jordan Pollard,LB,San Jose State
735,Lance St. Louis,LS,Texas
736,Jay'Vion Cole,CB,Arizona
737,Bryan McCoy,LB,Oklahoma State
738,James Williams,EDGE,Florida State
739,Justin Kirkland,DL,BYU
740,Keeshawn Silver,DL,USC
741,Korey Foreman,EDGE,Fresno State
742,Damon Payne,DL,Michigan
743,Jaden Craig,QB,Harvard
744,Caleb Woodson,LB,Virginia Tech
745,Sam Huard,QB,USC
746,Xavian Sorey Jr.,LB,Arkansas
747,Sage Ryan,S,Mississippi
748,Gabriel Rubio,DL,Notre Dame
749,Tyler Onyedim,DL,Texas A&M
750,Sam Roush,TE,Stanford
751,Ezra Dotson-Oyetade,IOL,Texas State
752,David Daniel-Sisavanh,S,Troy
753,Prophet Brown,CB,USC
754,Zen Michalski,OT,Indiana
755,Micah Morris,IOL,Georgia
756,Tunmise Adeleye,DL,UNLV
757,Malik McClain,WR,Arizona State
758,Chris Hilton,WR,LSU
759,Cody Jackson,WR,Tarleton State
760,Andrel Anthony,WR,Duke
761,Clayton Smith,EDGE,Arizona State
762,Teddy Prochazka,OT,Nebraska
763,Romello Brinson,WR,SMU
764,Bryce Carter,DL,Texas State
765,Derrick Davis Jr.,RB,Pittsburgh
766,Rahsul Faison,RB,South Carolina
767,Shadrach Banks,LB,UTSA
768,Kelvin Gilliam,DL,Virginia Tech
769,J.K. Johnson,CB,Oklahoma State
770,Bram Walden,IOL,Arizona State
771,Terrence Ferguson II,IOL,Syracuse
772,Ceyair Wright,CB,Nebraska
773,Keli Lawson,LB,UCF
774,Dylan Brooks,EDGE,Kansas
775,Carlos Del Rio-Wilson,QB,Marshall
776,Jayden Ballard,WR,Wisconsin
777,Christian Leary,WR,Western Michigan
778,Romello Height,EDGE,Texas Tech
779,Tywone Malone,DL,Ohio State
780,Kadarius Calloway,RB,New Mexico State
781,Kyron Ware-Hudson,WR,Penn State
782,Savion Byrd,IOL,SMU
783,J.P. Benzschawel,IOL,Wisconsin
784,Wilfredo Aybar,EDGE,Stanford
785,Jardin Gilbert,S,LSU
786,Evan Pryor,RB,Cincinnati
787,Armoni Goodwin,RB,UT Martin
788,Nyland Green,CB,Arizona State
789,Cade Denhoff,EDGE,Clemson
790,Prince Kollie,LB,Vanderbilt
791,Keanu Koht,EDGE,Vanderbilt
792,Devonta Smith,CB,Notre Dame
793,L.J. Johnson Jr.,RB,California
794,JoJo Earle,WR,UNLV
795,Byron Cardwell,RB,San Diego State
796,Miles Scott,S,Illinois
797,Marcus Burris,DL,Memphis
798,Agiye Hall,WR,Sacramento State
799,Ja'Mori Maclin,WR,Kentucky
800,Ty Thompson,TE,Tulane
801,Deion Colzie,WR,Miami (OH)
802,Destyn Hill,WR,LSU
803,Damarius McGhee,CB,Florida Atlantic
804,Behren Morton,QB,Texas Tech
805,James Brockermeyer,IOL,Miami (FL)
806,Raesjon Davis,LB,Oregon State
807,Trevion Cooley,RB,Troy
808,Ethan Calvert,LB,Cal Poly
809,Malik Benson,WR,Oregon
810,Kendal Daniels,S,Oklahoma
811,Zaire Patterson,EDGE,Clemson
812,Avante Dickerson,CB,Arkansas State
813,Jeremiah Williams,EDGE,Texas A&M
814,Preston Stone,QB,Northwestern
815,Raheem Anderson,IOL,Western Michigan
816,Jimari Butler,EDGE,LSU
817,Dacari Collins,WR,Louisville
818,Jabari Ishmael,EDGE,Southern Miss
819,Haynes King,QB,Georgia Tech
820,Jaylin Davies,CB,Oklahoma State
821,Lorenzo Styles Jr.,CB,Ohio State
822,Jonathan Jefferson,DL,SMU
823,Taylen Green,QB,Arkansas
824,Tommy Doman,P,Florida
825,Logan Diggs,RB,Mississippi
826,Joseph Manjack IV,WR,TCU
827,Jason Henderson,LB,Old Dominion
828,Jared Brown,WR,South Carolina
829,Jaden Bray,WR,West Virginia
830,Jalon Daniels,QB,Kansas
831,Horatio Fields,WR,Auburn
832,Kolbey Taylor,CB,Vanderbilt
833,Jordan Favors,S,Appalachian State
834,Rara Thomas,WR,Troy
835,DeAndre Boykins,CB,Oklahoma State
836,Dominick Giudice,IOL,Missouri
837,Alton McCaskill IV,RB,Sam Houston State
838,Jayden Thomas,WR,Virginia
839,Chamon Metayer,TE,Arizona State
840,David Gusta,DL,Kentucky
841,Dylan Rosiek,LB,Illinois
842,Donavon Greene,WR,Virginia Tech
843,Jake Retzlaff,QB,Tulane
844,Diego Pavia,QB,Vanderbilt
845,Eric Gentry,LB,USC
846,Khordae Sydnor,EDGE,Vanderbilt
847,Corey Platt Jr.,LB,Houston
848,Jerand Bradley,WR,Kansas State
849,Jamal Haynes,RB,Georgia Tech
850,Sean Brown,LB,NC State
851,Cole Rusk,TE,Illinois
852,Jack Kelly,LB,BYU
853,Jordan van den Berg,DL,Georgia Tech
854,Tiaoalii Savea,DL,Arizona
855,Darian Chestnut,CB,Syracuse
856,Cyrus Allen,WR,Cincinnati
857,Ricardo Hallman,CB,Wisconsin
858,Daylan Carnell,S,Missouri
859,De'Zhaun Stribling,WR,Mississippi
860,Malachi Lawrence,EDGE,UCF
861,Will Kacmarek,TE,Ohio State
862,Cade Zimmerly,IOL,Bowling Green
863,Bauer Sharp,TE,LSU
864,David Blay,DL,Miami (FL)
865,Preston Hodge,CB,Colorado
866,Seydou Traore,TE,Mississippi State
867,Bert Auburn,K,Miami (FL)
868,Kamryn Waites,IOL,Florida
869,Tony Grimes,CB,Purdue
870,Sav'ell Smalls,TE,Colorado
871,Malcolm Greene,S,UMass
872,Xavion Alford,S,Arizona State
873,Troy Omeire,WR,UNLV
874,Joshua Braun,IOL,Kentucky
875,Andrew Gentry,OT,BYU
876,Jeff Sims,QB,Arizona State
877,Tosh Baker,OT,Notre Dame
878,Aki Ogunbiyi,IOL,Colorado
879,E.J. Williams,WR,Indiana
880,Fred Davis II,CB,Northwestern
881,Keionte Scott,CB,Miami (FL)
882,Drew Pyne,QB,Bowling Green
883,Demon Clowney,EDGE,South Carolina
884,Key Lawrence,CB,UCLA
885,Max Johnson,QB,North Carolina
886,Turner Corcoran,IOL,Nebraska
887,Chip Trayanum,RB,Toledo
888,Bangally Kamara,LB,Kansas
889,Chad Lindberg,IOL,North Carolina
890,Reggie Grimes,EDGE,Memphis
891,Stephen Dix Jr.,LB,Arkansas
892,Walker Parks,IOL,Clemson
893,Roydell Williams,RB,Florida State
894,Tyler Van Dyke,QB,SMU
895,Jeremiah Hunter,WR,Washington
896,Dillon Wade,IOL,Auburn
897,Jordan White,IOL,Vanderbilt
898,Stefon Thompson,LB,Florida State
899,Caullin Lacy,WR,Louisville
900,Jahmeer Carter,DL,Virginia
901,Karon Prunty,CB,Wake Forest
902,Gilber Edmond,EDGE,South Carolina
903,D.J. Graham,CB,Kansas
904,Courtland Ford,OT,UCLA
905,Jalen Berger,RB,UCLA
906,Payton Zdroik,DL,Air Force
907,Leon Lowery Jr.,LB,Illinois
908,Braydon Bennett,RB,Virginia Tech
909,Nick Dawkins,IOL,Penn State
910,Dominic Richardson,RB,Tulsa
911,Tyree Skipper,S,Louisiana-Lafayette
912,Noah Whittington,RB,Oregon
913,Alex Wollschlaeger,OT,Kentucky
914,Matthew Sluka,QB,James Madison
915,Tavian Coleman,DL,Colorado
916,Ja'Varrius Johnson,WR,UCF
917,Cade McNamara,QB,East Tennessee State
918,Ben Coleman,IOL,Arizona State
919,Matthew Bedford,OT,Oregon
920,Antonio Clary,S,Virginia
921,Mohamed Toure,LB,Miami (FL)
922,Rodrigues Clark,RB,Southern Miss
923,Dequan Finn,QB,Miami (OH)
924,Zach Calzada,QB,Kentucky
925,Levani Damuni,LB,Utah
